<?xml version="1.0" encoding="UTF-8"?>
<!DOCTYPE hibernate-mapping PUBLIC 
    "-//Hibernate/Hibernate Mapping DTD 3.0//EN"
    "http://www.hibernate.org/dtd/hibernate-mapping-3.0.dtd">

<hibernate-mapping>
    <class name="com.wipro.bean.EMP" table="emp">
    	<id name="empno" column="empno" type="int">
    		<generator class="assigned"></generator>
    	</id>
    	<property name="ename" column="ename" type="string"></property>
    	<property name="job" column="job" type="string"></property>
    	<property name="mgr" column="mgr" type="int"></property>
    	<property name="hiredate" column="hiredate" type="date"></property>
    	<property name="sal" column="sal" type="double"></property>
    	<property name="comm" column="comm" type="double"></property>
    	<property name="deptno" column="deptno" type="int"></property>
    </class>
</hibernate-mapping>