<?xml version="1.0" encoding="UTF-8"?>
<!DOCTYPE hibernate-mapping PUBLIC 
    "-//Hibernate/Hibernate Mapping DTD 3.0//EN"
    "http://www.hibernate.org/dtd/hibernate-mapping-3.0.dtd">

<hibernate-mapping>
    <class name="com.wipro.bean.Employee" table="employee">
    	<id name="ID" column="ID">
    		<generator class="increment"></generator>
    	</id>
    	<property name="name" column="NAME"></property>
    	<property name="designation" column="DESIGNATION"></property>
    	<property name="salary" column="SALARY"></property>
    </class>
</hibernate-mapping>